Ano;Dia;Mes
2026;5;abril
2027;28;março
2028;16;abril
2029;1;abril
2030;21;abril
2031;13;abril
2032;28;março
2033;17;abril
2034;9;abril
2035;25;março
2036;13;abril
2037;5;abril
2038;25;abril
2039;10;abril
2040;1;abril
2041;21;abril
2042;6;abril
2043;29;março
2044;17;abril
2045;9;abril
2046;25;março
2047;14;abril
2048;5;abril
2049;18;abril
2050;10;abril
2051;2;abril
2052;21;abril
2053;6;abril
2054;29;março
2055;18;abril
2056;2;abril
2057;22;abril
2058;14;abril
2059;30;março
2060;18;abril
2061;10;abril
2062;26;março
2063;15;abril
2064;6;abril
2065;29;março
2066;11;abril
2067;3;abril
2068;22;abril
2069;14;abril
2070;30;março
2071;19;abril
2072;10;abril
2073;26;março
2074;15;abril
2075;7;abril
